                  epoch,         train/box_loss,         train/cls_loss,         train/dfl_loss,   metrics/precision(B),      metrics/recall(B),       metrics/mAP50(B),    metrics/mAP50-95(B),           val/box_loss,           val/cls_loss,           val/dfl_loss,                 lr/pg0,                 lr/pg1,                 lr/pg2
                      1,                 1.3981,                 1.7815,                 1.0104,                0.79618,                0.62154,                0.71909,                0.42657,                 1.3236,                 1.3061,                 1.0226,             0.00066396,             0.00066396,             0.00066396
                      2,                 1.2363,                 1.0598,                0.98513,                0.83963,                0.70471,                0.79569,                0.52389,                 1.0882,                0.88182,                0.97356,             0.00067196,             0.00067196,             0.00067196
